City,Heur,MaxDist,Stations,RegBikes,Ebikes,Ubikes,Ub,Dist,Cost,Drv,Time[s],,,,,,,,,,,,,,,,,
antwerp,SEQ,50,829,449,1107,206,1521.51,1521.51,0,32,2413.21,,,UB : SEQ,,,,,,,UB : Summary,50,60,70,80,90,100,AVG
antwerp,SEQ+REG2,50,829,449,1107,206,1521.46,1521.46,0,32,2603.55,,City / Dist,50,60,70,80,90,100,,SEQ,1285.745111,1259.677778,1247.266333,1221.950778,1225.008667,1226.573556,1244.37037
antwerp,SEQ+REG3,50,829,449,1107,206,1522.69,1522.69,0,32,3385.68,,antwerp,1521.51,1426.07,1216.73,990.318,896.675,882.723,,SEQ+REG2,1243.372333,1223.708111,1189.311889,1170.121444,1161.939444,1146.197556,1189.108463
antwerp,ALL,50,829,449,1107,206,1518.91,1518.91,0,32,3053.08,,barcelona,378.936,394.484,401.442,399.74,405.497,411.044,,SEQ+REG3,1243.554889,1224.626778,1208.749444,1172.531111,1151.786667,1152.06,1192.218148
antwerp,SEQ,60,829,449,1107,206,1426.07,1426.07,0,26,3747.35,,boston,728.349,759.87,802.013,815.154,772.99,795.48,,ALL,1245.171333,1235.793222,1196.888333,1173.100889,1168.322444,1169.164333,1198.073426
antwerp,SEQ+REG2,60,829,449,1107,206,1441.42,1441.42,0,26,4284.01,,bruxelles,205.716,211.864,214.063,218.338,207.806,223.277,,,,,,,,,
antwerp,SEQ+REG3,60,829,449,1107,206,1394.1,1394.1,0,25,4304.95,,chicago,1602.11,1210.53,1136.31,1066.62,1061.64,1083.94,,,,,,,,,
antwerp,ALL,60,829,449,1107,206,1455.19,1455.19,0,27,4442.45,,madrid,488.261,478.161,498.583,489.332,510.98,527.885,,,,,,,,,
antwerp,SEQ,70,829,449,1107,206,1216.73,1216.73,0,20,6977.02,,newyork,4298.42,4517.34,4614.4,4611.44,4608.9,4647.65,,,,,,,,,
antwerp,SEQ+REG2,70,829,449,1107,206,1185.72,1185.72,0,19,8713.78,,paris,1580.21,1530.83,1538.54,1557.39,1685.76,1604.78,,,,,,,,,
antwerp,SEQ+REG3,70,829,449,1107,206,1181.96,1181.96,0,19,8977.65,,toronto,768.194,807.951,803.316,849.225,874.83,862.383,,,,,,,,,
antwerp,ALL,70,829,449,1107,206,1193.55,1193.55,0,19,10343.33,,AVG,1285.745111,1259.677778,1247.266333,1221.950778,1225.008667,1226.573556,,,,,,,,,
antwerp,SEQ,80,829,449,1107,206,990.318,990.318,0,15,10889.15,,,,,,,,,,,,,,,,,
antwerp,SEQ+REG2,80,829,449,1107,206,985.101,985.101,0,14,11398.47,,,UB : SEQ+REG2,,,,,,,,,,,,,,
antwerp,SEQ+REG3,80,829,449,1107,206,992.903,992.903,0,14,11971.67,,City / Dist,50,60,70,80,90,100,,,,,,,,,
antwerp,ALL,80,829,449,1107,206,988.244,988.244,0,14,14513.49,,antwerp,1521.46,1441.42,1185.72,985.101,940.684,898.943,,,,,,,,,
antwerp,SEQ,90,829,449,1107,206,896.675,896.675,0,12,14575.58,,barcelona,386.749,374.227,374.321,389.592,383.401,391.854,,,,,,,,,
antwerp,SEQ+REG2,90,829,449,1107,206,940.684,940.684,0,13,13638.85,,boston,632.531,612.549,608.759,608.789,612.476,607.047,,,,,,,,,
antwerp,SEQ+REG3,90,829,449,1107,206,946.203,946.203,0,14,14436.79,,bruxelles,203.036,205.624,202.865,203.504,209.042,204.689,,,,,,,,,
antwerp,ALL,90,829,449,1107,206,960.587,960.587,0,13,16521.58,,chicago,1599.9,1225.64,1127.99,1130.5,1142.04,1080.09,,,,,,,,,
antwerp,SEQ,100,829,449,1107,206,882.723,882.723,0,12,13022.2,,madrid,482.041,482.871,479.179,493.588,501.287,489.2,,,,,,,,,
antwerp,SEQ+REG2,100,829,449,1107,206,898.943,898.943,0,12,15667.78,,newyork,4181.09,4520.48,4544.54,4556.5,4532.08,4483.14,,,,,,,,,
antwerp,SEQ+REG3,100,829,449,1107,206,879.027,879.027,0,12,17959.12,,paris,1427.89,1422.12,1468.04,1440.89,1426.56,1439.78,,,,,,,,,
antwerp,ALL,100,829,449,1107,206,913.018,913.018,0,13,16583.37,,toronto,755.654,728.442,712.393,722.629,709.885,721.035,,,,,,,,,
barcelona,SEQ,50,531,2626,1652,310,378.936,331.936,47,13,10744.22,,AVG,1243.372333,1223.708111,1189.311889,1170.121444,1161.939444,1146.197556,,,,,,,,,
barcelona,SEQ+REG2,50,531,2626,1652,310,386.749,386.749,0,18,13572.08,,,,,,,,,,,,,,,,,
barcelona,SEQ+REG3,50,531,2626,1652,310,384.666,384.666,0,18,15994.37,,,UB : SEQ+REG3,,,,,,,,,,,,,,
barcelona,ALL,50,531,2626,1652,310,382.136,382.136,0,18,18911.75,,City / Dist,50,60,70,80,90,100,,,,,,,,,
barcelona,SEQ,60,531,2626,1652,310,394.484,319.484,75,12,11993.59,,antwerp,1522.69,1394.1,1181.96,992.903,946.203,879.027,,,,,,,,,
barcelona,SEQ+REG2,60,531,2626,1652,310,374.227,374.227,0,17,15867.07,,barcelona,384.666,394.674,391.51,386.762,373.378,391.024,,,,,,,,,
barcelona,SEQ+REG3,60,531,2626,1652,310,394.674,394.674,0,18,15202.48,,boston,639.175,611.661,600.09,604.34,600.875,605.895,,,,,,,,,
barcelona,ALL,60,531,2626,1652,310,388.586,388.586,0,18,17460.93,,bruxelles,205.274,203.969,199.767,208.314,210.695,206.577,,,,,,,,,
barcelona,SEQ,70,531,2626,1652,310,401.442,324.442,77,12,11871.23,,chicago,1628.37,1267.33,1145.45,1100.09,1059.49,1100.13,,,,,,,,,
barcelona,SEQ+REG2,70,531,2626,1652,310,374.321,374.321,0,17,16519.29,,madrid,489.532,489.498,488.123,491.335,485.672,483.795,,,,,,,,,
barcelona,SEQ+REG3,70,531,2626,1652,310,391.51,391.51,0,18,16034.89,,newyork,4138.15,4546.44,4717.59,4643.84,4530.62,4552.92,,,,,,,,,
barcelona,ALL,70,531,2626,1652,310,385.624,385.624,0,18,18327.78,,paris,1438.12,1406.18,1434.25,1413.64,1418.38,1432.62,,,,,,,,,
barcelona,SEQ,80,531,2626,1652,310,399.74,316.74,83,11,12795.85,,toronto,746.017,707.789,720.005,711.556,740.767,716.552,,,,,,,,,
barcelona,SEQ+REG2,80,531,2626,1652,310,389.592,389.592,0,18,14133.26,,AVG,1243.554889,1224.626778,1208.749444,1172.531111,1151.786667,1152.06,,,,,,,,,
barcelona,SEQ+REG3,80,531,2626,1652,310,386.762,386.762,0,17,17626.69,,,,,,,,,,,,,,,,,
barcelona,ALL,80,531,2626,1652,310,377.674,377.674,0,18,20089.37,,,UB : ALL,,,,,,,,,,,,,,
barcelona,SEQ,90,531,2626,1652,310,405.497,302.497,103,11,12020.61,,City / Dist,50,60,70,80,90,100,,,,,,,,,
barcelona,SEQ+REG2,90,531,2626,1652,310,383.401,383.401,0,18,13335.78,,antwerp,1518.91,1455.19,1193.55,988.244,960.587,913.018,,,,,,,,,
barcelona,SEQ+REG3,90,531,2626,1652,310,373.378,373.378,0,17,18266.62,,barcelona,382.136,388.586,385.624,377.674,383.61,385.37,,,,,,,,,
barcelona,ALL,90,531,2626,1652,310,383.61,383.61,0,18,19388.59,,boston,632.865,595.506,602.462,610.826,608.872,600.44,,,,,,,,,
barcelona,SEQ,100,531,2626,1652,310,411.044,308.044,103,11,14682.73,,bruxelles,209.994,205.401,207.552,203.758,206.439,207.559,,,,,,,,,
barcelona,SEQ+REG2,100,531,2626,1652,310,391.854,391.854,0,18,14185.71,,chicago,1623.57,1232.63,1092.35,1103.98,1127.41,1175.51,,,,,,,,,
barcelona,SEQ+REG3,100,531,2626,1652,310,391.024,391.024,0,18,16499.29,,madrid,487.342,488.15,485.401,485.328,487.833,500.189,,,,,,,,,
barcelona,ALL,100,531,2626,1652,310,385.37,385.37,0,18,16651.76,,newyork,4167.91,4586.2,4678.73,4663.78,4611.3,4619.21,,,,,,,,,
boston,SEQ,50,553,4748,518,90,728.349,535.349,193,22,5594.25,,paris,1434.73,1447.19,1412.61,1414.71,1415.82,1397.61,,,,,,,,,
boston,SEQ+REG2,50,553,4748,518,90,632.531,632.531,0,30,8874.65,,toronto,749.085,723.286,713.716,709.608,713.031,723.573,,,,,,,,,
boston,SEQ+REG3,50,553,4748,518,90,639.175,639.175,0,30,11321.79,,AVG,1245.171333,1235.793222,1196.888333,1173.100889,1168.322444,1169.164333,,,,,,,,,
boston,ALL,50,553,4748,518,90,632.865,632.865,0,30,11356.83,,,,,,,,,,,,,,,,,
boston,SEQ,60,553,4748,518,90,759.87,479.87,280,20,7481.3,,,,,,,,,,,,,,,,,
boston,SEQ+REG2,60,553,4748,518,90,612.549,612.549,0,29,10457.44,,,,,,,,,,,,,,,,,
boston,SEQ+REG3,60,553,4748,518,90,611.661,611.661,0,30,13530.48,,,,,,,,,,,,,,,,,
boston,ALL,60,553,4748,518,90,595.506,595.506,0,29,12561.05,,,,,,,,,,,,,,,,,
boston,SEQ,70,553,4748,518,90,802.013,463.013,339,18,7453.53,,,,,,,,,,,,,,,,,
boston,SEQ+REG2,70,553,4748,518,90,608.759,608.759,0,29,11280.57,,,,,,,,,,,,,,,,,
boston,SEQ+REG3,70,553,4748,518,90,600.09,600.09,0,30,12080.91,,,,,,,,,,,,,,,,,
boston,ALL,70,553,4748,518,90,602.462,602.462,0,30,11136.14,,,,,,,,,,,,,,,,,
boston,SEQ,80,553,4748,518,90,815.154,451.154,364,17,7242.44,,,,,,,,,,,,,,,,,
boston,SEQ+REG2,80,553,4748,518,90,608.789,608.789,0,29,12517.65,,,,,,,,,,,,,,,,,
boston,SEQ+REG3,80,553,4748,518,90,604.34,604.34,0,29,11856.58,,,,,,,,,,,,,,,,,
boston,ALL,80,553,4748,518,90,610.826,610.826,0,29,11692.99,,,,,,,,,,,,,,,,,
boston,SEQ,90,553,4748,518,90,772.99,472.99,300,19,8812.81,,,,,,,,,,,,,,,,,
boston,SEQ+REG2,90,553,4748,518,90,612.476,612.476,0,29,10619.99,,,,,,,,,,,,,,,,,
boston,SEQ+REG3,90,553,4748,518,90,600.875,600.875,0,29,10969.96,,,,,,,,,,,,,,,,,
boston,ALL,90,553,4748,518,90,608.872,608.872,0,29,12298.85,,,,,,,,,,,,,,,,,
boston,SEQ,100,553,4748,518,90,795.48,466.48,329,18,7530.48,,,,,,,,,,,,,,,,,
boston,SEQ+REG2,100,553,4748,518,90,607.047,607.047,0,29,10513.89,,,,,,,,,,,,,,,,,
boston,SEQ+REG3,100,553,4748,518,90,605.895,605.895,0,29,11997.49,,,,,,,,,,,,,,,,,
boston,ALL,100,553,4748,518,90,600.44,600.44,0,29,11652.9,,,,,,,,,,,,,,,,,
bruxelles,SEQ,50,344,1916,1560,302,205.716,205.716,0,9,4902.95,,,,,,,,,,,,,,,,,
bruxelles,SEQ+REG2,50,344,1916,1560,302,203.036,203.036,0,10,6794.45,,,,,,,,,,,,,,,,,
bruxelles,SEQ+REG3,50,344,1916,1560,302,205.274,205.274,0,11,5989.02,,,,,,,,,,,,,,,,,
bruxelles,ALL,50,344,1916,1560,302,209.994,209.994,0,10,6294.43,,,,,,,,,,,,,,,,,
bruxelles,SEQ,60,344,1916,1560,302,211.864,211.864,0,7,6740.22,,,,,,,,,,,,,,,,,
bruxelles,SEQ+REG2,60,344,1916,1560,302,205.624,205.624,0,10,6930.33,,,,,,,,,,,,,,,,,
bruxelles,SEQ+REG3,60,344,1916,1560,302,203.969,203.969,0,10,7228.75,,,,,,,,,,,,,,,,,
bruxelles,ALL,60,344,1916,1560,302,205.401,205.401,0,10,6378.17,,,,,,,,,,,,,,,,,
bruxelles,SEQ,70,344,1916,1560,302,214.063,214.063,0,6,7928.53,,,,,,,,,,,,,,,,,
bruxelles,SEQ+REG2,70,344,1916,1560,302,202.865,202.865,0,9,8009.3,,,,,,,,,,,,,,,,,
bruxelles,SEQ+REG3,70,344,1916,1560,302,199.767,199.767,0,10,7686.47,,,,,,,,,,,,,,,,,
bruxelles,ALL,70,344,1916,1560,302,207.552,207.552,0,10,8679.52,,,,,,,,,,,,,,,,,
bruxelles,SEQ,80,344,1916,1560,302,218.338,218.338,0,6,8441.28,,,,,,,,,,,,,,,,,
bruxelles,SEQ+REG2,80,344,1916,1560,302,203.504,203.504,0,11,6626.59,,,,,,,,,,,,,,,,,
bruxelles,SEQ+REG3,80,344,1916,1560,302,208.314,208.314,0,10,8403.17,,,,,,,,,,,,,,,,,
bruxelles,ALL,80,344,1916,1560,302,203.758,203.758,0,10,8822.2,,,,,,,,,,,,,,,,,
bruxelles,SEQ,90,344,1916,1560,302,207.806,207.806,0,6,7755.63,,,,,,,,,,,,,,,,,
bruxelles,SEQ+REG2,90,344,1916,1560,302,209.042,209.042,0,10,6448.69,,,,,,,,,,,,,,,,,
bruxelles,SEQ+REG3,90,344,1916,1560,302,210.695,210.695,0,11,7137.97,,,,,,,,,,,,,,,,,
bruxelles,ALL,90,344,1916,1560,302,206.439,206.439,0,10,7792.64,,,,,,,,,,,,,,,,,
bruxelles,SEQ,100,344,1916,1560,302,223.277,223.277,0,6,7783.47,,,,,,,,,,,,,,,,,
bruxelles,SEQ+REG2,100,344,1916,1560,302,204.689,204.689,0,10,6512.27,,,,,,,,,,,,,,,,,
bruxelles,SEQ+REG3,100,344,1916,1560,302,206.577,206.577,0,11,7072.18,,,,,,,,,,,,,,,,,
bruxelles,ALL,100,344,1916,1560,302,207.559,207.559,0,10,8133.75,,,,,,,,,,,,,,,,,
chicago,SEQ,50,1842,3766,2324,427,1602.11,1602.11,0,46,5186.06,,,,,,,,,,,,,,,,,
chicago,SEQ+REG2,50,1842,3766,2324,427,1599.9,1599.9,0,45,5695.23,,,,,,,,,,,,,,,,,
chicago,SEQ+REG3,50,1842,3766,2324,427,1628.37,1628.37,0,46,8684.5,,,,,,,,,,,,,,,,,
chicago,ALL,50,1842,3766,2324,427,1623.57,1623.57,0,45,7697.39,,,,,,,,,,,,,,,,,
chicago,SEQ,60,1842,3766,2324,427,1210.53,1210.53,0,33,11364.37,,,,,,,,,,,,,,,,,
chicago,SEQ+REG2,60,1842,3766,2324,427,1225.64,1225.64,0,32,14926.45,,,,,,,,,,,,,,,,,
chicago,SEQ+REG3,60,1842,3766,2324,427,1267.33,1267.33,0,34,15760.24,,,,,,,,,,,,,,,,,
chicago,ALL,60,1842,3766,2324,427,1232.63,1232.63,0,32,16008.82,,,,,,,,,,,,,,,,,
chicago,SEQ,70,1842,3766,2324,427,1136.31,1136.31,0,30,12648.78,,,,,,,,,,,,,,,,,
chicago,SEQ+REG2,70,1842,3766,2324,427,1127.99,1127.99,0,30,16789.99,,,,,,,,,,,,,,,,,
chicago,SEQ+REG3,70,1842,3766,2324,427,1145.45,1145.45,0,30,19785.31,,,,,,,,,,,,,,,,,
chicago,ALL,70,1842,3766,2324,427,1092.35,1092.35,0,29,18751.26,,,,,,,,,,,,,,,,,
chicago,SEQ,80,1842,3766,2324,427,1066.62,1066.62,0,28,15384.42,,,,,,,,,,,,,,,,,
chicago,SEQ+REG2,80,1842,3766,2324,427,1130.5,1130.5,0,31,17176.93,,,,,,,,,,,,,,,,,
chicago,SEQ+REG3,80,1842,3766,2324,427,1100.09,1100.09,0,30,21406.78,,,,,,,,,,,,,,,,,
chicago,ALL,80,1842,3766,2324,427,1103.98,1103.98,0,29,22398.14,,,,,,,,,,,,,,,,,
chicago,SEQ,90,1842,3766,2324,427,1061.64,1061.64,0,28,15451.68,,,,,,,,,,,,,,,,,
chicago,SEQ+REG2,90,1842,3766,2324,427,1142.04,1142.04,0,31,18291.72,,,,,,,,,,,,,,,,,
chicago,SEQ+REG3,90,1842,3766,2324,427,1059.49,1059.49,0,27,25868,,,,,,,,,,,,,,,,,
chicago,ALL,90,1842,3766,2324,427,1127.41,1127.41,0,29,26142.73,,,,,,,,,,,,,,,,,
chicago,SEQ,100,1842,3766,2324,427,1083.94,1083.94,0,27,15845.11,,,,,,,,,,,,,,,,,
chicago,SEQ+REG2,100,1842,3766,2324,427,1080.09,1080.09,0,27,18754.92,,,,,,,,,,,,,,,,,
chicago,SEQ+REG3,100,1842,3766,2324,427,1100.13,1100.13,0,28,24893.44,,,,,,,,,,,,,,,,,
chicago,ALL,100,1842,3766,2324,427,1175.51,1175.51,0,30,20174.16,,,,,,,,,,,,,,,,,
madrid,SEQ,50,606,0,5363,1026,488.261,485.261,3,19,8764.57,,,,,,,,,,,,,,,,,
madrid,SEQ+REG2,50,606,0,5363,1026,482.041,482.041,0,21,13045.72,,,,,,,,,,,,,,,,,
madrid,SEQ+REG3,50,606,0,5363,1026,489.532,489.532,0,19,18747.37,,,,,,,,,,,,,,,,,
madrid,ALL,50,606,0,5363,1026,487.342,487.342,0,21,16701.94,,,,,,,,,,,,,,,,,
madrid,SEQ,60,606,0,5363,1026,478.161,474.161,4,19,8994.58,,,,,,,,,,,,,,,,,
madrid,SEQ+REG2,60,606,0,5363,1026,482.871,482.871,0,20,15610.11,,,,,,,,,,,,,,,,,
madrid,SEQ+REG3,60,606,0,5363,1026,489.498,489.498,0,20,17989.43,,,,,,,,,,,,,,,,,
madrid,ALL,60,606,0,5363,1026,488.15,488.15,0,22,19247.62,,,,,,,,,,,,,,,,,
madrid,SEQ,70,606,0,5363,1026,498.583,462.583,36,16,10913.13,,,,,,,,,,,,,,,,,
madrid,SEQ+REG2,70,606,0,5363,1026,479.179,479.179,0,21,14779.64,,,,,,,,,,,,,,,,,
madrid,SEQ+REG3,70,606,0,5363,1026,488.123,488.123,0,19,18518.72,,,,,,,,,,,,,,,,,
madrid,ALL,70,606,0,5363,1026,485.401,485.401,0,20,17809.71,,,,,,,,,,,,,,,,,
madrid,SEQ,80,606,0,5363,1026,489.332,460.332,29,16,11980.68,,,,,,,,,,,,,,,,,
madrid,SEQ+REG2,80,606,0,5363,1026,493.588,493.588,0,21,14573.15,,,,,,,,,,,,,,,,,
madrid,SEQ+REG3,80,606,0,5363,1026,491.335,491.335,0,20,19519.21,,,,,,,,,,,,,,,,,
madrid,ALL,80,606,0,5363,1026,485.328,485.328,0,21,20625.13,,,,,,,,,,,,,,,,,
madrid,SEQ,90,606,0,5363,1026,510.98,454.98,56,15,11057.39,,,,,,,,,,,,,,,,,
madrid,SEQ+REG2,90,606,0,5363,1026,501.287,501.287,0,18,17195.15,,,,,,,,,,,,,,,,,
madrid,SEQ+REG3,90,606,0,5363,1026,485.672,485.672,0,19,20572.58,,,,,,,,,,,,,,,,,
madrid,ALL,90,606,0,5363,1026,487.833,487.833,0,21,19269.32,,,,,,,,,,,,,,,,,
madrid,SEQ,100,606,0,5363,1026,527.885,453.885,74,14,12667.39,,,,,,,,,,,,,,,,,
madrid,SEQ+REG2,100,606,0,5363,1026,489.2,489.2,0,20,17407.72,,,,,,,,,,,,,,,,,
madrid,SEQ+REG3,100,606,0,5363,1026,483.795,483.795,0,19,17599.08,,,,,,,,,,,,,,,,,
madrid,ALL,100,606,0,5363,1026,500.189,500.189,0,21,18961.13,,,,,,,,,,,,,,,,,
newyork,SEQ,50,2237,21386,13298,2527,4298.42,2027.42,2271,50,9931.47,,,,,,,,,,,,,,,,,
newyork,SEQ+REG2,50,2237,21386,13298,2527,4181.09,2302.09,1879,50,11106.84,,,,,,,,,,,,,,,,,
newyork,SEQ+REG3,50,2237,21386,13298,2527,4138.15,2345.15,1793,50,14768.19,,,,,,,,,,,,,,,,,
newyork,ALL,50,2237,21386,13298,2527,4167.91,2374.91,1793,50,13861.41,,,,,,,,,,,,,,,,,
newyork,SEQ,60,2237,21386,13298,2527,4517.34,1521.34,2996,41,17654.1,,,,,,,,,,,,,,,,,
newyork,SEQ+REG2,60,2237,21386,13298,2527,4520.48,2429.48,2091,50,21621.79,,,,,,,,,,,,,,,,,
newyork,SEQ+REG3,60,2237,21386,13298,2527,4546.44,2449.44,2097,50,21880.91,,,,,,,,,,,,,,,,,
newyork,ALL,60,2237,21386,13298,2527,4586.2,2498.2,2088,50,24201.61,,,,,,,,,,,,,,,,,
newyork,SEQ,70,2237,21386,13298,2527,4614.4,1428.4,3186,38,16619.19,,,,,,,,,,,,,,,,,
newyork,SEQ+REG2,70,2237,21386,13298,2527,4544.54,2392.54,2152,50,22633.59,,,,,,,,,,,,,,,,,
newyork,SEQ+REG3,70,2237,21386,13298,2527,4717.59,2581.59,2136,50,23602.02,,,,,,,,,,,,,,,,,
newyork,ALL,70,2237,21386,13298,2527,4678.73,2585.73,2093,50,27034.16,,,,,,,,,,,,,,,,,
newyork,SEQ,80,2237,21386,13298,2527,4611.44,1455.44,3156,41,17430.73,,,,,,,,,,,,,,,,,
newyork,SEQ+REG2,80,2237,21386,13298,2527,4556.5,2306.5,2250,50,23062.29,,,,,,,,,,,,,,,,,
newyork,SEQ+REG3,80,2237,21386,13298,2527,4643.84,2474.84,2169,50,25490.17,,,,,,,,,,,,,,,,,
newyork,ALL,80,2237,21386,13298,2527,4663.78,2597.78,2066,50,32712.48,,,,,,,,,,,,,,,,,
newyork,SEQ,90,2237,21386,13298,2527,4608.9,1474.9,3134,40,17433.08,,,,,,,,,,,,,,,,,
newyork,SEQ+REG2,90,2237,21386,13298,2527,4532.08,2241.08,2291,50,21592.59,,,,,,,,,,,,,,,,,
newyork,SEQ+REG3,90,2237,21386,13298,2527,4530.62,2352.62,2178,50,27809.72,,,,,,,,,,,,,,,,,
newyork,ALL,90,2237,21386,13298,2527,4611.3,2470.3,2141,50,33408.23,,,,,,,,,,,,,,,,,
newyork,SEQ,100,2237,21386,13298,2527,4647.65,1365.65,3282,37,22264.13,,,,,,,,,,,,,,,,,
newyork,SEQ+REG2,100,2237,21386,13298,2527,4483.14,2248.14,2235,50,24087.74,,,,,,,,,,,,,,,,,
newyork,SEQ+REG3,100,2237,21386,13298,2527,4552.92,2375.92,2177,50,28709.67,,,,,,,,,,,,,,,,,
newyork,ALL,100,2237,21386,13298,2527,4619.21,2483.21,2136,50,35266.97,,,,,,,,,,,,,,,,,
paris,SEQ,50,1452,8804,3666,697,1580.21,1156.21,424,33,11771.6,,,,,,,,,,,,,,,,,
paris,SEQ+REG2,50,1452,8804,3666,697,1427.89,1427.89,0,50,15993.67,,,,,,,,,,,,,,,,,
paris,SEQ+REG3,50,1452,8804,3666,697,1438.12,1438.12,0,49,22867.49,,,,,,,,,,,,,,,,,
paris,ALL,50,1452,8804,3666,697,1434.73,1434.73,0,49,19551.35,,,,,,,,,,,,,,,,,
paris,SEQ,60,1452,8804,3666,697,1530.83,1145.83,385,34,14415.2,,,,,,,,,,,,,,,,,
paris,SEQ+REG2,60,1452,8804,3666,697,1422.12,1422.12,0,49,16607.81,,,,,,,,,,,,,,,,,
paris,SEQ+REG3,60,1452,8804,3666,697,1406.18,1406.18,0,50,21051.96,,,,,,,,,,,,,,,,,
paris,ALL,60,1452,8804,3666,697,1447.19,1447.19,0,49,22992.67,,,,,,,,,,,,,,,,,
paris,SEQ,70,1452,8804,3666,697,1538.54,1123.54,415,34,12971.62,,,,,,,,,,,,,,,,,
paris,SEQ+REG2,70,1452,8804,3666,697,1468.04,1468.04,0,50,16981.61,,,,,,,,,,,,,,,,,
paris,SEQ+REG3,70,1452,8804,3666,697,1434.25,1434.25,0,49,24070.89,,,,,,,,,,,,,,,,,
paris,ALL,70,1452,8804,3666,697,1412.61,1412.61,0,49,23058,,,,,,,,,,,,,,,,,
paris,SEQ,80,1452,8804,3666,697,1557.39,1104.39,453,32,16464.03,,,,,,,,,,,,,,,,,
paris,SEQ+REG2,80,1452,8804,3666,697,1440.89,1440.89,0,48,17899.21,,,,,,,,,,,,,,,,,
paris,SEQ+REG3,80,1452,8804,3666,697,1413.64,1413.64,0,49,22272.91,,,,,,,,,,,,,,,,,
paris,ALL,80,1452,8804,3666,697,1414.71,1414.71,0,49,22888.25,,,,,,,,,,,,,,,,,
paris,SEQ,90,1452,8804,3666,697,1685.76,1082.76,603,30,17187.18,,,,,,,,,,,,,,,,,
paris,SEQ+REG2,90,1452,8804,3666,697,1426.56,1425.56,1,49,17620.97,,,,,,,,,,,,,,,,,
paris,SEQ+REG3,90,1452,8804,3666,697,1418.38,1418.38,0,49,21985.39,,,,,,,,,,,,,,,,,
paris,ALL,90,1452,8804,3666,697,1415.82,1415.82,0,48,22374.62,,,,,,,,,,,,,,,,,
paris,SEQ,100,1452,8804,3666,697,1604.78,1096.78,508,31,18210.63,,,,,,,,,,,,,,,,,
paris,SEQ+REG2,100,1452,8804,3666,697,1439.78,1439.78,0,50,19221,,,,,,,,,,,,,,,,,
paris,SEQ+REG3,100,1452,8804,3666,697,1432.62,1432.62,0,49,24567.87,,,,,,,,,,,,,,,,,
paris,ALL,100,1452,8804,3666,697,1397.61,1397.61,0,49,22492.95,,,,,,,,,,,,,,,,,
toronto,SEQ,50,914,5528,407,69,768.194,746.194,22,33,6512.27,,,,,,,,,,,,,,,,,
toronto,SEQ+REG2,50,914,5528,407,69,755.654,755.654,0,34,11514.16,,,,,,,,,,,,,,,,,
toronto,SEQ+REG3,50,914,5528,407,69,746.017,746.017,0,31,13948.81,,,,,,,,,,,,,,,,,
toronto,ALL,50,914,5528,407,69,749.085,749.085,0,32,14236.68,,,,,,,,,,,,,,,,,
toronto,SEQ,60,914,5528,407,69,807.951,721.951,86,24,10148.76,,,,,,,,,,,,,,,,,
toronto,SEQ+REG2,60,914,5528,407,69,728.442,728.442,0,28,14495.51,,,,,,,,,,,,,,,,,
toronto,SEQ+REG3,60,914,5528,407,69,707.789,707.789,0,29,19100.97,,,,,,,,,,,,,,,,,
toronto,ALL,60,914,5528,407,69,723.286,723.286,0,31,20499.24,,,,,,,,,,,,,,,,,
toronto,SEQ,70,914,5528,407,69,803.316,677.316,126,23,10201.01,,,,,,,,,,,,,,,,,
toronto,SEQ+REG2,70,914,5528,407,69,712.393,712.393,0,30,16625.35,,,,,,,,,,,,,,,,,
toronto,SEQ+REG3,70,914,5528,407,69,720.005,720.005,0,28,20400.19,,,,,,,,,,,,,,,,,
toronto,ALL,70,914,5528,407,69,713.716,713.716,0,28,22424.52,,,,,,,,,,,,,,,,,
toronto,SEQ,80,914,5528,407,69,849.225,674.225,175,21,14039.63,,,,,,,,,,,,,,,,,
toronto,SEQ+REG2,80,914,5528,407,69,722.629,722.629,0,28,17164.57,,,,,,,,,,,,,,,,,
toronto,SEQ+REG3,80,914,5528,407,69,711.556,711.556,0,30,18406.6,,,,,,,,,,,,,,,,,
toronto,ALL,80,914,5528,407,69,709.608,709.608,0,28,23012.77,,,,,,,,,,,,,,,,,
toronto,SEQ,90,914,5528,407,69,874.83,641.83,233,19,13084.18,,,,,,,,,,,,,,,,,
toronto,SEQ+REG2,90,914,5528,407,69,709.885,709.885,0,29,15117.02,,,,,,,,,,,,,,,,,
toronto,SEQ+REG3,90,914,5528,407,69,740.767,740.767,0,28,21300.9,,,,,,,,,,,,,,,,,
toronto,ALL,90,914,5528,407,69,713.031,712.031,1,29,20195.18,,,,,,,,,,,,,,,,,
toronto,SEQ,100,914,5528,407,69,862.383,629.383,233,19,14200.23,,,,,,,,,,,,,,,,,
toronto,SEQ+REG2,100,914,5528,407,69,721.035,721.035,0,29,13798.4,,,,,,,,,,,,,,,,,
toronto,SEQ+REG3,100,914,5528,407,69,716.552,715.552,1,29,17064.62,,,,,,,,,,,,,,,,,
toronto,ALL,100,914,5528,407,69,723.573,723.573,0,29,19852.8,,,,,,,,,,,,,,,,,
