City,Heur,MaxDist,Stations,RegBikes,Ebikes,Ubikes,Ub,Dist,Cost,Drv,Time[s],,,,,,,,,,,,,,,,,
antwerp,SEQ,50,829,449,1107,206,1521.51,1521.51,0,32,2413.21,,,UB : SEQ,,,,,,,UB : Summary,50,55,60,65,70,75,AVG
antwerp,SEQ+REG3,50,829,449,1107,206,1522.69,1522.69,0,32,3385.68,,City / Dist,50,55,60,65,70,75,,SEQ,1285.745111,1296.18,1259.677778,1256.028222,1247.266333,1228.218889,1262.186056
antwerp,SEQ+REG2,50,829,449,1107,206,1521.46,1521.46,0,32,2603.55,,antwerp,1521.51,1443.7,1426.07,1257.56,1216.73,1046.15,,SEQ+REG2,1243.372333,1266.153222,1223.708111,1204.586111,1189.311889,1171.463111,1216.432463
antwerp,ALL,50,829,449,1107,206,1518.91,1518.91,0,32,3053.08,,barcelona,378.936,379.089,394.484,406.683,401.442,410.707,,SEQ+REG3,1243.554889,1261.185,1224.626778,1202.212222,1208.749444,1178.574,1219.817056
antwerp,SEQ,55,829,449,1107,206,1443.7,1443.7,0,28,3036.27,,boston,728.349,772.222,759.87,791.415,802.013,815.551,,ALL,1245.171333,1262.257556,1235.793222,1208.983778,1196.888333,1188.388889,1222.913852
antwerp,SEQ+REG3,55,829,449,1107,206,1476.94,1476.94,0,29,3250.93,,bruxelles,205.716,204.818,211.864,216.224,214.063,210.13,,,,,,,,,
antwerp,SEQ+REG2,55,829,449,1107,206,1464.72,1464.72,0,29,3578.51,,chicago,1602.11,1502.97,1210.53,1105.08,1136.31,1080.54,,,TIME[s] : SEQ+REG2,,,,,,
antwerp,ALL,55,829,449,1107,206,1474.88,1474.88,0,29,4513.2,,madrid,488.261,472.816,478.161,507.673,498.583,492.559,,City / Dist,50,55,60,65,70,75,
antwerp,SEQ,60,829,449,1107,206,1426.07,1426.07,0,26,3747.35,,newyork,4298.42,4514.65,4517.34,4567.71,4614.4,4561.11,,antwerp,2603.55,3578.51,4284.01,5498.9,8713.78,11652.13,
antwerp,SEQ+REG3,60,829,449,1107,206,1394.1,1394.1,0,25,4304.95,,paris,1580.21,1564.45,1530.83,1614.07,1538.54,1622.38,,barcelona,13572.08,12739.89,15867.07,13942.12,16519.29,14883.89,
antwerp,SEQ+REG2,60,829,449,1107,206,1441.42,1441.42,0,26,4284.01,,toronto,768.194,810.905,807.951,837.839,803.316,814.843,,boston,8874.65,8914.04,10457.44,9870.78,11280.57,11190.02,
antwerp,ALL,60,829,449,1107,206,1455.19,1455.19,0,27,4442.45,,AVG,1285.745111,1296.18,1259.677778,1256.028222,1247.266333,1228.218889,,bruxelles,6794.45,6991.63,6930.33,6837.8,8009.3,6974.22,
antwerp,SEQ,65,829,449,1107,206,1257.56,1257.56,0,21,4856.44,,,,,,,,,,chicago,5695.23,9320.33,14926.45,17609.74,16789.99,20576.32,
antwerp,SEQ+REG3,65,829,449,1107,206,1258.94,1258.94,0,22,5805.18,,,UB : SEQ+REG2,,,,,,,madrid,13045.72,15488.88,15610.11,14943.81,14779.64,15682.97,
antwerp,SEQ+REG2,65,829,449,1107,206,1276.45,1276.45,0,22,5498.9,,City / Dist,50,55,60,65,70,75,,newyork,11106.84,18740.73,21621.79,24184.56,22633.59,23508.01,
antwerp,ALL,65,829,449,1107,206,1283.71,1283.71,0,22,6329.43,,antwerp,1521.46,1464.72,1441.42,1276.45,1185.72,1077.49,,paris,15993.67,17019.76,16607.81,18935.08,16981.61,17565.8,
antwerp,SEQ,70,829,449,1107,206,1216.73,1216.73,0,20,6977.02,,barcelona,386.749,380.572,374.227,378.637,374.321,388.265,,toronto,11514.16,17433.27,14495.51,14860.05,16625.35,15451.63,
antwerp,SEQ+REG3,70,829,449,1107,206,1181.96,1181.96,0,19,8977.65,,boston,632.531,710.73,612.549,600.2,608.759,601.295,,Average," 9,911.2 "," 12,247.4 "," 13,422.3 "," 14,075.9 "," 14,703.7 "," 15,276.1 ",
antwerp,SEQ+REG2,70,829,449,1107,206,1185.72,1185.72,0,19,8713.78,,bruxelles,203.036,203.167,205.624,206.094,202.865,200.399,,,,,,,,,
antwerp,ALL,70,829,449,1107,206,1193.55,1193.55,0,19,10343.33,,chicago,1599.9,1465.79,1225.64,1142.59,1127.99,1129.94,,,,,,,,,
antwerp,SEQ,75,829,449,1107,206,1046.15,1046.15,0,16,9587.67,,madrid,482.041,485.98,482.871,487.443,479.179,489.818,,,,,,,,,
antwerp,SEQ+REG3,75,829,449,1107,206,1062.77,1062.77,0,16,11469.87,,newyork,4181.09,4540.24,4520.48,4582.28,4544.54,4532.76,,,,,,,,,
antwerp,SEQ+REG2,75,829,449,1107,206,1077.49,1077.49,0,17,11652.13,,paris,1427.89,1421.79,1422.12,1444,1468.04,1409.08,,,,,,,,,
antwerp,ALL,75,829,449,1107,206,1051.49,1051.49,0,16,10712.49,,toronto,755.654,722.39,728.442,723.581,712.393,714.121,,,,,,,,,
barcelona,SEQ,50,531,2626,1652,310,378.936,331.936,47,13,10744.22,,AVG,1243.372333,1266.153222,1223.708111,1204.586111,1189.311889,1171.463111,,,,,,,,,
barcelona,SEQ+REG3,50,531,2626,1652,310,384.666,384.666,0,18,15994.37,,,,,,,,,,,,,,,,,
barcelona,SEQ+REG2,50,531,2626,1652,310,386.749,386.749,0,18,13572.08,,,UB : SEQ+REG3,,,,,,,,,,,,,,
barcelona,ALL,50,531,2626,1652,310,382.136,382.136,0,18,18911.75,,City / Dist,50,55,60,65,70,75,,,,,,,,,
barcelona,SEQ,55,531,2626,1652,310,379.089,338.089,41,13,10826.58,,antwerp,1522.69,1476.94,1394.1,1258.94,1181.96,1062.77,,,,,,,,,
barcelona,SEQ+REG3,55,531,2626,1652,310,382.728,382.728,0,18,17256.92,,barcelona,384.666,382.728,394.674,370.158,391.51,392.441,,,,,,,,,
barcelona,SEQ+REG2,55,531,2626,1652,310,380.572,380.572,0,17,12739.89,,boston,639.175,601.316,611.661,594.396,600.09,609.124,,,,,,,,,
barcelona,ALL,55,531,2626,1652,310,390.999,390.999,0,18,18597.56,,bruxelles,205.274,207.298,203.969,207.825,199.767,207.029,,,,,,,,,
barcelona,SEQ,60,531,2626,1652,310,394.484,319.484,75,12,11993.59,,chicago,1628.37,1521.61,1267.33,1152.6,1145.45,1085.79,,,,,,,,,
barcelona,SEQ+REG3,60,531,2626,1652,310,394.674,394.674,0,18,15202.48,,madrid,489.532,497.176,489.498,485.149,488.123,487.542,,,,,,,,,
barcelona,SEQ+REG2,60,531,2626,1652,310,374.227,374.227,0,17,15867.07,,newyork,4138.15,4515.63,4546.44,4613.44,4717.59,4653.18,,,,,,,,,
barcelona,ALL,60,531,2626,1652,310,388.586,388.586,0,18,17460.93,,paris,1438.12,1421.49,1406.18,1425.77,1434.25,1397.02,,,,,,,,,
barcelona,SEQ,65,531,2626,1652,310,406.683,299.683,107,11,13069.32,,toronto,746.017,726.477,707.789,711.632,720.005,712.27,,,,,,,,,
barcelona,SEQ+REG3,65,531,2626,1652,310,370.158,370.158,0,17,19005.42,,AVG,1243.554889,1261.185,1224.626778,1202.212222,1208.749444,1178.574,,,,,,,,,
barcelona,SEQ+REG2,65,531,2626,1652,310,378.637,378.637,0,18,13942.12,,,,,,,,,,,,,,,,,
barcelona,ALL,65,531,2626,1652,310,379.681,379.681,0,18,19658.09,,,UB : ALL,,,,,,,,,,,,,,
barcelona,SEQ,70,531,2626,1652,310,401.442,324.442,77,12,11871.23,,City / Dist,50,55,60,65,70,75,,,,,,,,,
barcelona,SEQ+REG3,70,531,2626,1652,310,391.51,391.51,0,18,16034.89,,antwerp,1518.91,1474.88,1455.19,1283.71,1193.55,1051.49,,,,,,,,,
barcelona,SEQ+REG2,70,531,2626,1652,310,374.321,374.321,0,17,16519.29,,barcelona,382.136,390.999,388.586,379.681,385.624,377.891,,,,,,,,,
barcelona,ALL,70,531,2626,1652,310,385.624,385.624,0,18,18327.78,,boston,632.865,622.948,595.506,607.699,602.462,601.408,,,,,,,,,
barcelona,SEQ,75,531,2626,1652,310,410.707,319.707,91,12,12123.24,,bruxelles,209.994,200.819,205.401,204.333,207.552,205.342,,,,,,,,,
barcelona,SEQ+REG3,75,531,2626,1652,310,392.441,392.441,0,18,17186.37,,chicago,1623.57,1461.96,1232.63,1147.06,1092.35,1163.04,,,,,,,,,
barcelona,SEQ+REG2,75,531,2626,1652,310,388.265,388.265,0,18,14883.89,,madrid,487.342,495.223,488.15,486.775,485.401,478.426,,,,,,,,,
barcelona,ALL,75,531,2626,1652,310,377.891,377.891,0,17,17081.56,,newyork,4167.91,4548.31,4586.2,4663.89,4678.73,4691.3,,,,,,,,,
boston,SEQ,50,553,4748,518,90,728.349,535.349,193,22,5594.25,,paris,1434.73,1426.14,1447.19,1399.42,1412.61,1411.85,,,,,,,,,
boston,SEQ+REG3,50,553,4748,518,90,639.175,639.175,0,30,11321.79,,toronto,749.085,739.039,723.286,708.286,713.716,714.753,,,,,,,,,
boston,SEQ+REG2,50,553,4748,518,90,632.531,632.531,0,30,8874.65,,AVG,1245.171333,1262.257556,1235.793222,1208.983778,1196.888333,1188.388889,,,,,,,,,
boston,ALL,50,553,4748,518,90,632.865,632.865,0,30,11356.83,,,,,,,,,,,,,,,,,
boston,SEQ,55,553,4748,518,90,772.222,518.222,254,21,6240.25,,,,,,,,,,,,,,,,,
boston,SEQ+REG3,55,553,4748,518,90,601.316,601.316,0,29,12021.78,,,,,,,,,,,,,,,,,
boston,SEQ+REG2,55,553,4748,518,90,710.73,492.73,218,22,8914.04,,,,,,,,,,,,,,,,,
boston,ALL,55,553,4748,518,90,622.948,622.948,0,30,12297.03,,,,,,,,,,,,,,,,,
boston,SEQ,60,553,4748,518,90,759.87,479.87,280,20,7481.3,,,,,,,,,,,,,,,,,
boston,SEQ+REG3,60,553,4748,518,90,611.661,611.661,0,30,13530.48,,,,,,,,,,,,,,,,,
boston,SEQ+REG2,60,553,4748,518,90,612.549,612.549,0,29,10457.44,,,,,,,,,,,,,,,,,
boston,ALL,60,553,4748,518,90,595.506,595.506,0,29,12561.05,,,,,,,,,,,,,,,,,
boston,SEQ,65,553,4748,518,90,791.415,465.415,326,18,7598.48,,,,,,,,,,,,,,,,,
boston,SEQ+REG3,65,553,4748,518,90,594.396,594.396,0,30,12435.34,,,,,,,,,,,,,,,,,
boston,SEQ+REG2,65,553,4748,518,90,600.2,600.2,0,29,9870.78,,,,,,,,,,,,,,,,,
boston,ALL,65,553,4748,518,90,607.699,607.699,0,29,12846.36,,,,,,,,,,,,,,,,,
boston,SEQ,70,553,4748,518,90,802.013,463.013,339,18,7453.53,,,,,,,,,,,,,,,,,
boston,SEQ+REG3,70,553,4748,518,90,600.09,600.09,0,30,12080.91,,,,,,,,,,,,,,,,,
boston,SEQ+REG2,70,553,4748,518,90,608.759,608.759,0,29,11280.57,,,,,,,,,,,,,,,,,
boston,ALL,70,553,4748,518,90,602.462,602.462,0,30,11136.14,,,,,,,,,,,,,,,,,
boston,SEQ,75,553,4748,518,90,815.551,451.551,364,17,7601.25,,,,,,,,,,,,,,,,,
boston,SEQ+REG3,75,553,4748,518,90,609.124,609.124,0,29,13327.36,,,,,,,,,,,,,,,,,
boston,SEQ+REG2,75,553,4748,518,90,601.295,601.295,0,30,11190.02,,,,,,,,,,,,,,,,,
boston,ALL,75,553,4748,518,90,601.408,601.408,0,29,13312.74,,,,,,,,,,,,,,,,,
bruxelles,SEQ,50,344,1916,1560,302,205.716,205.716,0,9,4902.95,,,,,,,,,,,,,,,,,
bruxelles,SEQ+REG3,50,344,1916,1560,302,205.274,205.274,0,11,5989.02,,,,,,,,,,,,,,,,,
bruxelles,SEQ+REG2,50,344,1916,1560,302,203.036,203.036,0,10,6794.45,,,,,,,,,,,,,,,,,
bruxelles,ALL,50,344,1916,1560,302,209.994,209.994,0,10,6294.43,,,,,,,,,,,,,,,,,
bruxelles,SEQ,55,344,1916,1560,302,204.818,204.818,0,8,6112.34,,,,,,,,,,,,,,,,,
bruxelles,SEQ+REG3,55,344,1916,1560,302,207.298,207.298,0,10,8314.26,,,,,,,,,,,,,,,,,
bruxelles,SEQ+REG2,55,344,1916,1560,302,203.167,203.167,0,10,6991.63,,,,,,,,,,,,,,,,,
bruxelles,ALL,55,344,1916,1560,302,200.819,200.819,0,10,8784.35,,,,,,,,,,,,,,,,,
bruxelles,SEQ,60,344,1916,1560,302,211.864,211.864,0,7,6740.22,,,,,,,,,,,,,,,,,
bruxelles,SEQ+REG3,60,344,1916,1560,302,203.969,203.969,0,10,7228.75,,,,,,,,,,,,,,,,,
bruxelles,SEQ+REG2,60,344,1916,1560,302,205.624,205.624,0,10,6930.33,,,,,,,,,,,,,,,,,
bruxelles,ALL,60,344,1916,1560,302,205.401,205.401,0,10,6378.17,,,,,,,,,,,,,,,,,
bruxelles,SEQ,65,344,1916,1560,302,216.224,216.224,0,6,7684.87,,,,,,,,,,,,,,,,,
bruxelles,SEQ+REG3,65,344,1916,1560,302,207.825,207.825,0,11,7484.82,,,,,,,,,,,,,,,,,
bruxelles,SEQ+REG2,65,344,1916,1560,302,206.094,206.094,0,10,6837.8,,,,,,,,,,,,,,,,,
bruxelles,ALL,65,344,1916,1560,302,204.333,204.333,0,10,7888.93,,,,,,,,,,,,,,,,,
bruxelles,SEQ,70,344,1916,1560,302,214.063,214.063,0,6,7928.53,,,,,,,,,,,,,,,,,
bruxelles,SEQ+REG3,70,344,1916,1560,302,199.767,199.767,0,10,7686.47,,,,,,,,,,,,,,,,,
bruxelles,SEQ+REG2,70,344,1916,1560,302,202.865,202.865,0,9,8009.3,,,,,,,,,,,,,,,,,
bruxelles,ALL,70,344,1916,1560,302,207.552,207.552,0,10,8679.52,,,,,,,,,,,,,,,,,
bruxelles,SEQ,75,344,1916,1560,302,210.13,210.13,0,7,6315.61,,,,,,,,,,,,,,,,,
bruxelles,SEQ+REG3,75,344,1916,1560,302,207.029,207.029,0,10,9334.37,,,,,,,,,,,,,,,,,
bruxelles,SEQ+REG2,75,344,1916,1560,302,200.399,200.399,0,10,6974.22,,,,,,,,,,,,,,,,,
bruxelles,ALL,75,344,1916,1560,302,205.342,205.342,0,10,7381.59,,,,,,,,,,,,,,,,,
chicago,SEQ,50,1842,3766,2324,427,1602.11,1602.11,0,46,5186.06,,,,,,,,,,,,,,,,,
chicago,SEQ+REG3,50,1842,3766,2324,427,1628.37,1628.37,0,46,8684.5,,,,,,,,,,,,,,,,,
chicago,SEQ+REG2,50,1842,3766,2324,427,1599.9,1599.9,0,45,5695.23,,,,,,,,,,,,,,,,,
chicago,ALL,50,1842,3766,2324,427,1623.57,1623.57,0,45,7697.39,,,,,,,,,,,,,,,,,
chicago,SEQ,55,1842,3766,2324,427,1502.97,1502.97,0,41,6483.53,,,,,,,,,,,,,,,,,
chicago,SEQ+REG3,55,1842,3766,2324,427,1521.61,1521.61,0,40,12915.61,,,,,,,,,,,,,,,,,
chicago,SEQ+REG2,55,1842,3766,2324,427,1465.79,1465.79,0,40,9320.33,,,,,,,,,,,,,,,,,
chicago,ALL,55,1842,3766,2324,427,1461.96,1461.96,0,43,10737.21,,,,,,,,,,,,,,,,,
chicago,SEQ,60,1842,3766,2324,427,1210.53,1210.53,0,33,11364.37,,,,,,,,,,,,,,,,,
chicago,SEQ+REG3,60,1842,3766,2324,427,1267.33,1267.33,0,34,15760.24,,,,,,,,,,,,,,,,,
chicago,SEQ+REG2,60,1842,3766,2324,427,1225.64,1225.64,0,32,14926.45,,,,,,,,,,,,,,,,,
chicago,ALL,60,1842,3766,2324,427,1232.63,1232.63,0,32,16008.82,,,,,,,,,,,,,,,,,
chicago,SEQ,65,1842,3766,2324,427,1105.08,1105.08,0,29,13322.18,,,,,,,,,,,,,,,,,
chicago,SEQ+REG3,65,1842,3766,2324,427,1152.6,1152.6,0,31,24433.11,,,,,,,,,,,,,,,,,
chicago,SEQ+REG2,65,1842,3766,2324,427,1142.59,1142.59,0,31,17609.74,,,,,,,,,,,,,,,,,
chicago,ALL,65,1842,3766,2324,427,1147.06,1147.06,0,31,18543.71,,,,,,,,,,,,,,,,,
chicago,SEQ,70,1842,3766,2324,427,1136.31,1136.31,0,30,12648.78,,,,,,,,,,,,,,,,,
chicago,SEQ+REG3,70,1842,3766,2324,427,1145.45,1145.45,0,30,19785.31,,,,,,,,,,,,,,,,,
chicago,SEQ+REG2,70,1842,3766,2324,427,1127.99,1127.99,0,30,16789.99,,,,,,,,,,,,,,,,,
chicago,ALL,70,1842,3766,2324,427,1092.35,1092.35,0,29,18751.26,,,,,,,,,,,,,,,,,
chicago,SEQ,75,1842,3766,2324,427,1080.54,1080.54,0,28,15250.72,,,,,,,,,,,,,,,,,
chicago,SEQ+REG3,75,1842,3766,2324,427,1085.79,1085.79,0,29,21411.63,,,,,,,,,,,,,,,,,
chicago,SEQ+REG2,75,1842,3766,2324,427,1129.94,1129.94,0,31,20576.32,,,,,,,,,,,,,,,,,
chicago,ALL,75,1842,3766,2324,427,1163.04,1163.04,0,30,20482.56,,,,,,,,,,,,,,,,,
madrid,SEQ,50,606,0,5363,1026,488.261,485.261,3,19,8764.57,,,,,,,,,,,,,,,,,
madrid,SEQ+REG3,50,606,0,5363,1026,489.532,489.532,0,19,18747.37,,,,,,,,,,,,,,,,,
madrid,SEQ+REG2,50,606,0,5363,1026,482.041,482.041,0,21,13045.72,,,,,,,,,,,,,,,,,
madrid,ALL,50,606,0,5363,1026,487.342,487.342,0,21,16701.94,,,,,,,,,,,,,,,,,
madrid,SEQ,55,606,0,5363,1026,472.816,462.816,10,18,8065.11,,,,,,,,,,,,,,,,,
madrid,SEQ+REG3,55,606,0,5363,1026,497.176,497.176,0,20,18386.22,,,,,,,,,,,,,,,,,
madrid,SEQ+REG2,55,606,0,5363,1026,485.98,485.98,0,20,15488.88,,,,,,,,,,,,,,,,,
madrid,ALL,55,606,0,5363,1026,495.223,495.223,0,21,19537.71,,,,,,,,,,,,,,,,,
madrid,SEQ,60,606,0,5363,1026,478.161,474.161,4,19,8994.58,,,,,,,,,,,,,,,,,
madrid,SEQ+REG3,60,606,0,5363,1026,489.498,489.498,0,20,17989.43,,,,,,,,,,,,,,,,,
madrid,SEQ+REG2,60,606,0,5363,1026,482.871,482.871,0,20,15610.11,,,,,,,,,,,,,,,,,
madrid,ALL,60,606,0,5363,1026,488.15,488.15,0,22,19247.62,,,,,,,,,,,,,,,,,
madrid,SEQ,65,606,0,5363,1026,507.673,455.673,52,16,9043.19,,,,,,,,,,,,,,,,,
madrid,SEQ+REG3,65,606,0,5363,1026,485.149,485.149,0,21,22046.87,,,,,,,,,,,,,,,,,
madrid,SEQ+REG2,65,606,0,5363,1026,487.443,487.443,0,20,14943.81,,,,,,,,,,,,,,,,,
madrid,ALL,65,606,0,5363,1026,486.775,486.775,0,21,19243.41,,,,,,,,,,,,,,,,,
madrid,SEQ,70,606,0,5363,1026,498.583,462.583,36,16,10913.13,,,,,,,,,,,,,,,,,
madrid,SEQ+REG3,70,606,0,5363,1026,488.123,488.123,0,19,18518.72,,,,,,,,,,,,,,,,,
madrid,SEQ+REG2,70,606,0,5363,1026,479.179,479.179,0,21,14779.64,,,,,,,,,,,,,,,,,
madrid,ALL,70,606,0,5363,1026,485.401,485.401,0,20,17809.71,,,,,,,,,,,,,,,,,
madrid,SEQ,75,606,0,5363,1026,492.559,452.559,40,16,10445.65,,,,,,,,,,,,,,,,,
madrid,SEQ+REG3,75,606,0,5363,1026,487.542,487.542,0,21,17574.65,,,,,,,,,,,,,,,,,
madrid,SEQ+REG2,75,606,0,5363,1026,489.818,489.818,0,20,15682.97,,,,,,,,,,,,,,,,,
madrid,ALL,75,606,0,5363,1026,478.426,478.426,0,22,16994.32,,,,,,,,,,,,,,,,,
newyork,SEQ,50,2237,21386,13298,2527,4298.42,2027.42,2271,50,9931.47,,,,,,,,,,,,,,,,,
newyork,SEQ+REG3,50,2237,21386,13298,2527,4138.15,2345.15,1793,50,14768.19,,,,,,,,,,,,,,,,,
newyork,SEQ+REG2,50,2237,21386,13298,2527,4181.09,2302.09,1879,50,11106.84,,,,,,,,,,,,,,,,,
newyork,ALL,50,2237,21386,13298,2527,4167.91,2374.91,1793,50,13861.41,,,,,,,,,,,,,,,,,
newyork,SEQ,55,2237,21386,13298,2527,4514.65,1938.65,2576,50,12058.46,,,,,,,,,,,,,,,,,
newyork,SEQ+REG3,55,2237,21386,13298,2527,4515.63,2389.63,2126,50,18122.65,,,,,,,,,,,,,,,,,
newyork,SEQ+REG2,55,2237,21386,13298,2527,4540.24,2429.24,2111,50,18740.73,,,,,,,,,,,,,,,,,
newyork,ALL,55,2237,21386,13298,2527,4548.31,2452.31,2096,50,23612.65,,,,,,,,,,,,,,,,,
newyork,SEQ,60,2237,21386,13298,2527,4517.34,1521.34,2996,41,17654.1,,,,,,,,,,,,,,,,,
newyork,SEQ+REG3,60,2237,21386,13298,2527,4546.44,2449.44,2097,50,21880.91,,,,,,,,,,,,,,,,,
newyork,SEQ+REG2,60,2237,21386,13298,2527,4520.48,2429.48,2091,50,21621.79,,,,,,,,,,,,,,,,,
newyork,ALL,60,2237,21386,13298,2527,4586.2,2498.2,2088,50,24201.61,,,,,,,,,,,,,,,,,
newyork,SEQ,65,2237,21386,13298,2527,4567.71,1441.71,3126,37,17296.77,,,,,,,,,,,,,,,,,
newyork,SEQ+REG3,65,2237,21386,13298,2527,4613.44,2468.44,2145,50,25299.94,,,,,,,,,,,,,,,,,
newyork,SEQ+REG2,65,2237,21386,13298,2527,4582.28,2464.28,2118,50,24184.56,,,,,,,,,,,,,,,,,
newyork,ALL,65,2237,21386,13298,2527,4663.89,2562.89,2101,50,26753.38,,,,,,,,,,,,,,,,,
newyork,SEQ,70,2237,21386,13298,2527,4614.4,1428.4,3186,38,16619.19,,,,,,,,,,,,,,,,,
newyork,SEQ+REG3,70,2237,21386,13298,2527,4717.59,2581.59,2136,50,23602.02,,,,,,,,,,,,,,,,,
newyork,SEQ+REG2,70,2237,21386,13298,2527,4544.54,2392.54,2152,50,22633.59,,,,,,,,,,,,,,,,,
newyork,ALL,70,2237,21386,13298,2527,4678.73,2585.73,2093,50,27034.16,,,,,,,,,,,,,,,,,
newyork,SEQ,75,2237,21386,13298,2527,4561.11,1451.11,3110,41,17823.35,,,,,,,,,,,,,,,,,
newyork,SEQ+REG3,75,2237,21386,13298,2527,4653.18,2474.18,2179,50,24499.94,,,,,,,,,,,,,,,,,
newyork,SEQ+REG2,75,2237,21386,13298,2527,4532.76,2335.76,2197,50,23508.01,,,,,,,,,,,,,,,,,
newyork,ALL,75,2237,21386,13298,2527,4691.3,2547.3,2144,50,29485.85,,,,,,,,,,,,,,,,,
paris,SEQ,50,1452,8804,3666,697,1580.21,1156.21,424,33,11771.6,,,,,,,,,,,,,,,,,
paris,SEQ+REG3,50,1452,8804,3666,697,1438.12,1438.12,0,49,22867.49,,,,,,,,,,,,,,,,,
paris,SEQ+REG2,50,1452,8804,3666,697,1427.89,1427.89,0,50,15993.67,,,,,,,,,,,,,,,,,
paris,ALL,50,1452,8804,3666,697,1434.73,1434.73,0,49,19551.35,,,,,,,,,,,,,,,,,
paris,SEQ,55,1452,8804,3666,697,1564.45,1140.45,424,33,12426.07,,,,,,,,,,,,,,,,,
paris,SEQ+REG3,55,1452,8804,3666,697,1421.49,1421.49,0,50,22239.46,,,,,,,,,,,,,,,,,
paris,SEQ+REG2,55,1452,8804,3666,697,1421.79,1421.79,0,49,17019.76,,,,,,,,,,,,,,,,,
paris,ALL,55,1452,8804,3666,697,1426.14,1426.14,0,50,22689.19,,,,,,,,,,,,,,,,,
paris,SEQ,60,1452,8804,3666,697,1530.83,1145.83,385,34,14415.2,,,,,,,,,,,,,,,,,
paris,SEQ+REG3,60,1452,8804,3666,697,1406.18,1406.18,0,50,21051.96,,,,,,,,,,,,,,,,,
paris,SEQ+REG2,60,1452,8804,3666,697,1422.12,1422.12,0,49,16607.81,,,,,,,,,,,,,,,,,
paris,ALL,60,1452,8804,3666,697,1447.19,1447.19,0,49,22992.67,,,,,,,,,,,,,,,,,
paris,SEQ,65,1452,8804,3666,697,1614.07,1114.07,500,31,14265.63,,,,,,,,,,,,,,,,,
paris,SEQ+REG3,65,1452,8804,3666,697,1425.77,1425.77,0,49,22677.81,,,,,,,,,,,,,,,,,
paris,SEQ+REG2,65,1452,8804,3666,697,1444,1444,0,50,18935.08,,,,,,,,,,,,,,,,,
paris,ALL,65,1452,8804,3666,697,1399.42,1399.42,0,49,22260.74,,,,,,,,,,,,,,,,,
paris,SEQ,70,1452,8804,3666,697,1538.54,1123.54,415,34,12971.62,,,,,,,,,,,,,,,,,
paris,SEQ+REG3,70,1452,8804,3666,697,1434.25,1434.25,0,49,24070.89,,,,,,,,,,,,,,,,,
paris,SEQ+REG2,70,1452,8804,3666,697,1468.04,1468.04,0,50,16981.61,,,,,,,,,,,,,,,,,
paris,ALL,70,1452,8804,3666,697,1412.61,1412.61,0,49,23058,,,,,,,,,,,,,,,,,
paris,SEQ,75,1452,8804,3666,697,1622.38,1087.38,535,32,14638.36,,,,,,,,,,,,,,,,,
paris,SEQ+REG3,75,1452,8804,3666,697,1397.02,1397.02,0,49,22005.97,,,,,,,,,,,,,,,,,
paris,SEQ+REG2,75,1452,8804,3666,697,1409.08,1409.08,0,49,17565.8,,,,,,,,,,,,,,,,,
paris,ALL,75,1452,8804,3666,697,1411.85,1411.85,0,49,21836.84,,,,,,,,,,,,,,,,,
toronto,SEQ,50,914,5528,407,69,768.194,746.194,22,33,6512.27,,,,,,,,,,,,,,,,,
toronto,SEQ+REG3,50,914,5528,407,69,746.017,746.017,0,31,13948.81,,,,,,,,,,,,,,,,,
toronto,SEQ+REG2,50,914,5528,407,69,755.654,755.654,0,34,11514.16,,,,,,,,,,,,,,,,,
toronto,ALL,50,914,5528,407,69,749.085,749.085,0,32,14236.68,,,,,,,,,,,,,,,,,
toronto,SEQ,55,914,5528,407,69,810.905,718.905,92,27,8656.06,,,,,,,,,,,,,,,,,
toronto,SEQ+REG3,55,914,5528,407,69,726.477,726.477,0,30,18419.52,,,,,,,,,,,,,,,,,
toronto,SEQ+REG2,55,914,5528,407,69,722.39,722.39,0,30,17433.27,,,,,,,,,,,,,,,,,
toronto,ALL,55,914,5528,407,69,739.039,738.039,1,30,16945.74,,,,,,,,,,,,,,,,,
toronto,SEQ,60,914,5528,407,69,807.951,721.951,86,24,10148.76,,,,,,,,,,,,,,,,,
toronto,SEQ+REG3,60,914,5528,407,69,707.789,707.789,0,29,19100.97,,,,,,,,,,,,,,,,,
toronto,SEQ+REG2,60,914,5528,407,69,728.442,728.442,0,28,14495.51,,,,,,,,,,,,,,,,,
toronto,ALL,60,914,5528,407,69,723.286,723.286,0,31,20499.24,,,,,,,,,,,,,,,,,
toronto,SEQ,65,914,5528,407,69,837.839,706.839,131,22,12877.1,,,,,,,,,,,,,,,,,
toronto,SEQ+REG3,65,914,5528,407,69,711.632,711.632,0,29,19620.92,,,,,,,,,,,,,,,,,
toronto,SEQ+REG2,65,914,5528,407,69,723.581,723.581,0,30,14860.05,,,,,,,,,,,,,,,,,
toronto,ALL,65,914,5528,407,69,708.286,708.286,0,29,22546.43,,,,,,,,,,,,,,,,,
toronto,SEQ,70,914,5528,407,69,803.316,677.316,126,23,10201.01,,,,,,,,,,,,,,,,,
toronto,SEQ+REG3,70,914,5528,407,69,720.005,720.005,0,28,20400.19,,,,,,,,,,,,,,,,,
toronto,SEQ+REG2,70,914,5528,407,69,712.393,712.393,0,30,16625.35,,,,,,,,,,,,,,,,,
toronto,ALL,70,914,5528,407,69,713.716,713.716,0,28,22424.52,,,,,,,,,,,,,,,,,
toronto,SEQ,75,914,5528,407,69,814.843,679.843,135,22,11338.05,,,,,,,,,,,,,,,,,
toronto,SEQ+REG3,75,914,5528,407,69,712.27,712.27,0,28,20014.38,,,,,,,,,,,,,,,,,
toronto,SEQ+REG2,75,914,5528,407,69,714.121,714.121,0,30,15451.63,,,,,,,,,,,,,,,,,
toronto,ALL,75,914,5528,407,69,714.753,713.753,1,29,19610.38,,,,,,,,,,,,,,,,,
